City_ID,City,Country,Date,Lat,Lng,Max Temp,Humidity,Cloudiness,Wind Speed
0,Butaritari,KI,2022-02-02 21:45:01,3.0707,172.7902,81.73,79,29,17.83
1,Rio De Janeiro,BR,2022-02-02 21:38:11,-22.9028,-43.2075,79.02,91,100,6.91
2,Kaitangata,NZ,2022-02-02 21:45:01,-46.2817,169.8464,54.36,95,100,4.99
3,Barrow,US,2022-02-02 21:44:08,71.2906,-156.7887,-20.18,69,0,4.61
4,Emborion,GR,2022-02-02 21:45:02,40.4833,21.55,28.76,85,39,4.76
5,Hermanus,ZA,2022-02-02 21:45:02,-34.4187,19.2345,66.9,87,5,11.12
6,Piacabucu,BR,2022-02-02 21:45:03,-10.4056,-36.4344,80.26,75,11,10.49
7,Hilo,US,2022-02-02 21:43:03,19.7297,-155.09,78.12,69,40,6.91
8,Mahebourg,MU,2022-02-02 21:42:30,-20.4081,57.7,79.25,100,75,33.38
9,Ambon,ID,2022-02-02 21:45:03,-3.6954,128.1814,73.54,94,20,3.44
10,Saint-Philippe,RE,2022-02-02 21:45:04,-21.3585,55.7679,80.19,94,100,34.09
11,Puerto Ayora,EC,2022-02-02 21:45:04,-0.7393,-90.3518,82.36,89,37,5.01
12,Saint-Georges,GD,2022-02-02 21:45:04,12.0564,-61.7485,82.08,74,75,20.71
13,Chuy,UY,2022-02-02 21:43:49,-33.6971,-53.4616,74.48,74,0,13.22
14,Tarakan,ID,2022-02-02 21:45:05,3.3,117.6333,76.5,94,75,3.44
15,Severo-Kurilsk,RU,2022-02-02 21:42:55,50.6789,156.125,27.99,79,98,6.62
16,Goderich,CA,2022-02-02 21:43:19,43.7501,-81.7165,28.9,93,100,10.36
17,Bredasdorp,ZA,2022-02-02 21:40:24,-34.5322,20.0403,69.12,73,47,8.05
18,Guerrero Negro,MX,2022-02-02 21:41:19,27.9769,-114.0611,64.27,49,3,13.02
19,Bolitoc,PH,2022-02-02 21:45:06,15.7395,119.8769,75.42,75,7,4.61
20,Busselton,AU,2022-02-02 21:45:06,-33.65,115.3333,66.04,48,100,14.52
21,Almeirim,BR,2022-02-02 21:45:07,-1.5233,-52.5817,79.03,77,58,3.98
22,Albany,US,2022-02-02 21:43:34,42.6001,-73.9662,42.75,74,82,7.52
23,Pangnirtung,CA,2022-02-02 21:42:45,66.1451,-65.7125,6.8,78,100,25.32
24,Geraldton,AU,2022-02-02 21:45:08,-28.7667,114.6,84.61,17,0,19.57
25,Mataura,NZ,2022-02-02 21:41:39,-46.1927,168.8643,57.47,97,100,3.96
26,Cherskiy,RU,2022-02-02 21:42:36,68.75,161.3,-14.87,65,62,0.54
27,Bluff,NZ,2022-02-02 21:42:50,-46.6,168.3333,57.79,66,100,16.69
28,Atuona,PF,2022-02-02 21:42:32,-9.8,-139.0333,77.59,77,92,15.05
29,Avarua,CK,2022-02-02 21:41:44,-21.2078,-159.775,82.45,83,75,18.41
30,Pisco,PE,2022-02-02 21:45:09,-13.7,-76.2167,78.85,57,0,20.71
31,Rikitea,PF,2022-02-02 21:45:09,-23.1203,-134.9692,78.46,73,100,7.78
32,Jamestown,US,2022-02-02 21:38:10,42.097,-79.2353,41.09,40,100,14.97
33,Hasaki,JP,2022-02-02 21:42:38,35.7333,140.8333,25.2,50,36,10.02
34,Gomel,BY,2022-02-02 21:45:10,52.4345,30.9754,28.38,100,100,13.42
35,Alice Springs,AU,2022-02-02 21:43:31,-23.7,133.8833,65.75,88,100,8.05
36,Cape Town,ZA,2022-02-02 21:45:10,-33.9258,18.4232,67.12,90,40,1.99
37,Vaini,TO,2022-02-02 21:45:11,-21.2,-175.2,86.16,70,20,8.05
38,Kapaa,US,2022-02-02 21:45:11,22.0752,-159.319,81.12,64,0,1.99
39,Punta Arenas,CL,2022-02-02 21:45:12,-53.15,-70.9167,48.31,76,75,9.22
40,Mar Del Plata,AR,2022-02-02 21:45:12,-38.0023,-57.5575,84.22,51,0,5.75
41,Rio Cuarto,AR,2022-02-02 21:40:16,-33.1307,-64.3499,74.97,69,100,5.75
42,Umm Kaddadah,SD,2022-02-02 21:45:13,13.6017,26.6876,69.3,20,12,6.33
43,Sawtell,AU,2022-02-02 21:45:14,-30.3833,153.1,73.18,96,75,12.66
44,Nanortalik,GL,2022-02-02 21:43:41,60.1432,-45.2371,6.84,67,29,7.96
45,Ust-Ilimsk,RU,2022-02-02 21:45:14,58.0006,102.6619,-9.94,100,94,3.53
46,Northam,GB,2022-02-02 21:45:15,51.0333,-4.2167,48.02,89,100,9.04
47,Ndele,CF,2022-02-02 21:46:15,8.4109,20.6473,75.56,19,24,4.23
48,Port Alfred,ZA,2022-02-02 21:46:16,-33.5906,26.891,73.98,95,100,7.94
49,Kingisepp,RU,2022-02-02 21:46:16,59.3733,28.6134,10.74,99,95,0.78
50,Fairbanks,US,2022-02-02 21:43:37,64.8378,-147.7164,-7.4,71,0,0.0
51,Tuktoyaktuk,CA,2022-02-02 21:43:55,69.4541,-133.0374,-22.0,69,75,11.5
52,Nokaneng,BW,2022-02-02 21:46:17,-19.6667,22.2667,72.03,78,53,5.66
53,San Marcos,US,2022-02-02 21:41:58,33.1434,-117.1661,69.3,16,0,1.01
54,Souillac,MU,2022-02-02 21:46:17,-20.5167,57.5167,79.36,100,75,33.38
55,Okato,NZ,2022-02-02 21:46:18,-39.2,173.8833,67.68,90,100,16.4
56,Ushuaia,AR,2022-02-02 21:45:43,-54.8,-68.3,46.06,57,75,20.71
57,Mogwase,ZA,2022-02-02 21:46:19,-25.185,27.2665,77.86,47,82,5.23
58,Sechura,PE,2022-02-02 21:46:19,-5.5569,-80.8222,80.8,53,13,18.9
59,Paamiut,GL,2022-02-02 21:46:20,61.994,-49.6678,7.27,65,100,16.46
60,Chokurdakh,RU,2022-02-02 21:41:51,70.6333,147.9167,-19.59,97,100,6.93
61,Zenzeli,RU,2022-02-02 21:46:20,45.9241,47.0474,35.56,92,100,7.83
62,Hithadhoo,MV,2022-02-02 21:41:53,-0.6,73.0833,81.75,70,57,5.53
63,Kavieng,PG,2022-02-02 21:43:18,-2.5744,150.7967,78.42,84,100,13.67
64,Petropavlovsk-Kamchatskiy,RU,2022-02-02 21:43:12,53.0452,158.6483,24.78,93,75,4.47
65,Ponta Do Sol,PT,2022-02-02 21:46:21,32.6667,-17.1,67.71,78,100,6.08
66,Hualmay,PE,2022-02-02 21:46:21,-11.0964,-77.6139,74.75,70,4,13.62
67,Forest Grove,US,2022-02-02 21:46:22,45.5198,-123.1107,46.62,82,100,1.01
68,Mwaro,BI,2022-02-02 21:46:22,-3.5,29.6667,55.99,93,100,2.21
69,Mizdah,LY,2022-02-02 21:46:23,31.4451,12.9801,50.79,61,100,20.67
70,Castro,BR,2022-02-02 21:42:29,-24.7911,-50.0119,66.94,90,32,5.3
71,Ouargaye,BF,2022-02-02 21:46:23,11.5033,0.0572,74.32,8,7,8.5
72,Palauig,PH,2022-02-02 21:46:24,15.435,119.9045,76.5,69,16,3.94
73,Bilibino,RU,2022-02-02 21:46:24,68.0546,166.4372,-7.58,63,61,5.14
74,Hobart,AU,2022-02-02 21:43:12,-42.8794,147.3294,59.05,59,40,1.99
75,Bodden Town,KY,2022-02-02 21:46:25,19.2833,-81.25,84.0,70,40,11.99
76,Bardiyah,LY,2022-02-02 21:46:25,31.7561,25.0865,53.47,70,100,12.71
77,Batamshinskiy,KZ,2022-02-02 21:46:26,50.5594,58.2747,15.78,89,93,8.9
78,Cuenca,EC,2022-02-02 21:46:26,-2.8833,-78.9833,71.73,37,20,10.36
79,Gardner,US,2022-02-02 21:46:26,42.5751,-71.9981,40.86,75,100,4.61
80,Alpine,US,2022-02-02 21:46:27,32.835,-116.7664,64.22,34,0,1.99
81,Manaus,BR,2022-02-02 21:46:25,-3.1019,-60.025,75.69,94,75,3.44
82,Zeya,RU,2022-02-02 21:46:27,53.75,127.2667,-9.71,88,51,4.81
83,Zaysan,KZ,2022-02-02 21:46:28,47.4667,84.8667,-2.99,83,17,3.11
84,Laguna,US,2022-02-02 21:46:28,38.421,-121.4238,61.88,28,0,11.99
85,Lasa,IT,2022-02-02 21:46:28,46.6166,10.7002,40.03,94,77,8.19
86,Emerald,AU,2022-02-02 21:46:29,-23.5333,148.1667,75.34,100,75,10.36
87,Marinette,US,2022-02-02 21:45:34,45.1,-87.6307,16.3,53,0,8.05
88,Marfino,RU,2022-02-02 21:46:29,55.7028,37.3822,23.14,86,0,4.47
89,Bulawayo,ZW,2022-02-02 21:46:29,-20.15,28.5833,70.16,73,90,3.87
90,Fortuna,US,2022-02-02 21:43:09,40.5982,-124.1573,58.42,69,0,8.01
91,Tiksi,RU,2022-02-02 21:47:30,71.6872,128.8694,-5.22,97,100,6.58
92,Cayenne,GF,2022-02-02 21:47:30,4.9333,-52.3333,80.1,84,75,5.99
93,Berdigestyakh,RU,2022-02-02 21:47:31,62.0989,126.6992,-16.58,99,98,4.14
94,Baruun-Urt,MN,2022-02-02 21:47:31,46.6806,113.2792,-11.6,94,68,3.47
95,Esperance,AU,2022-02-02 21:47:31,-33.8667,121.9,57.04,72,2,12.15
96,Beloha,MG,2022-02-02 21:47:32,-25.1667,45.05,73.24,73,0,16.44
97,Saskylakh,RU,2022-02-02 21:47:32,71.9167,114.0833,-30.41,100,28,2.59
98,Wodonga,AU,2022-02-02 21:47:33,-36.1167,146.8833,60.28,83,0,9.22
99,Whitehorse,CA,2022-02-02 21:44:43,60.7161,-135.0538,-5.03,65,75,8.05
100,Port Blair,IN,2022-02-02 21:47:33,11.6667,92.75,76.71,70,83,5.82
101,Sakakah,SA,2022-02-02 21:47:33,29.9697,40.2064,53.17,40,22,11.12
102,Grindavik,IS,2022-02-02 21:47:34,63.8424,-22.4338,25.27,68,75,4.61
103,Yelizovo,RU,2022-02-02 21:47:34,53.1873,158.3805,26.74,86,75,4.0
104,Enfield,AU,2022-02-02 21:45:41,-34.8526,138.6026,63.46,74,75,4.0
105,Kaeo,NZ,2022-02-02 21:42:43,-35.1,173.7833,74.32,85,100,11.61
106,Amarante Do Maranhao,BR,2022-02-02 21:47:35,-5.5667,-46.7422,74.12,89,55,2.21
107,Boa Vista,BR,2022-02-02 21:47:35,2.8197,-60.6733,91.38,40,40,12.66
108,Arawa,PG,2022-02-02 21:47:36,-6.2132,155.5367,81.36,80,100,3.49
109,East London,ZA,2022-02-02 21:47:36,-33.0153,27.9116,74.89,94,59,11.56
110,Kendari,ID,2022-02-02 21:47:36,-3.945,122.4989,74.79,93,100,2.55
111,Pimentel,PE,2022-02-02 21:47:37,-6.8367,-79.9342,77.29,61,0,26.46
112,Les Cayes,HT,2022-02-02 21:47:37,18.2,-73.75,79.5,69,7,9.04
113,Stawell,AU,2022-02-02 21:47:37,-37.05,142.7667,58.51,53,41,17.54
114,Raduzhnyy,RU,2022-02-02 21:47:38,62.0961,77.475,14.67,95,100,8.41
115,Ixtapa,MX,2022-02-02 21:47:38,20.7,-105.2,76.23,72,1,5.99
116,Hope,US,2022-02-02 21:47:38,33.6671,-93.5916,57.25,88,100,8.57
117,Tuatapere,NZ,2022-02-02 21:47:39,-46.1333,167.6833,57.81,85,100,6.87
118,Hailar,CN,2022-02-02 21:47:39,49.2,119.7,-28.34,100,74,4.0
119,Verkhnyaya Balkariya,RU,2022-02-02 21:47:39,43.1279,43.4573,22.12,63,94,13.22
120,Mikhaylovskaya,RU,2022-02-02 21:47:40,44.9947,40.5964,35.37,90,100,6.46
121,Saint-Louis,SN,2022-02-02 21:47:40,16.3333,-15.0,82.04,11,68,10.56
122,Barra Do Garcas,BR,2022-02-02 21:47:40,-15.89,-52.2567,76.96,89,28,4.99
123,Torbay,CA,2022-02-02 21:43:45,47.6666,-52.7314,26.49,84,40,4.61
124,Katsuura,JP,2022-02-02 21:47:41,35.1333,140.3,39.18,51,30,9.46
125,Minot,US,2022-02-02 21:42:43,48.2325,-101.2963,-1.21,59,40,16.11
126,Zalegoshch,RU,2022-02-02 21:47:41,52.9008,36.8869,17.37,96,100,5.35
127,Luderitz,NA,2022-02-02 21:46:04,-26.6481,15.1594,68.27,78,68,1.77
128,Srednekolymsk,RU,2022-02-02 21:47:42,67.45,153.6833,-24.21,98,100,1.86
129,Jurm,AF,2022-02-02 21:47:42,36.8648,70.8342,24.94,90,100,2.53
130,Pingliang,CN,2022-02-02 21:47:43,35.5392,106.6861,14.09,93,63,3.33
131,Durant,US,2022-02-02 21:47:43,33.994,-96.3708,34.29,86,100,16.11
132,Zafarwal,PK,2022-02-02 21:47:43,32.3463,74.8999,54.95,81,99,11.86
133,Diego De Almagro,CL,2022-02-02 21:47:44,-26.3667,-70.05,77.14,18,0,12.35
134,Nikolskoye,RU,2022-02-02 21:47:44,59.7035,30.7861,22.89,98,99,1.1
135,Iqaluit,CA,2022-02-02 21:45:04,63.7506,-68.5145,8.33,78,100,11.01
136,Dikson,RU,2022-02-02 21:48:44,73.5069,80.5464,-7.8,98,94,9.89
137,Sisimiut,GL,2022-02-02 21:48:45,66.9395,-53.6735,-0.13,79,100,19.13
138,Bambous Virieux,MU,2022-02-02 21:46:20,-20.3428,57.7575,79.21,100,75,33.38
139,Ordzhonikidze,KZ,2022-02-02 21:48:45,52.4411,61.7408,17.78,92,100,8.28
140,Salinas,US,2022-02-02 21:44:25,36.6777,-121.6555,65.01,22,0,12.66
141,Bethel,US,2022-02-02 21:48:46,41.3712,-73.414,43.39,100,100,1.14
142,Tasiilaq,GL,2022-02-02 21:48:46,65.6145,-37.6368,14.16,78,100,4.16
143,Kandrian,PG,2022-02-02 21:48:47,-6.2167,149.55,78.39,84,100,16.6
144,Cururupu,BR,2022-02-02 21:46:50,-1.8283,-44.8683,74.71,94,99,3.36
145,Shenzhen,CN,2022-02-02 21:46:17,22.5455,114.0683,60.84,99,100,10.13
146,The Valley,AI,2022-02-02 21:48:47,18.217,-63.0578,82.26,69,75,11.5
147,Moron,AR,2022-02-02 21:48:48,-34.6534,-58.6198,91.02,50,64,9.6
148,Ancud,CL,2022-02-02 21:46:41,-41.8697,-73.8203,70.23,76,96,7.07
149,Pimampiro,EC,2022-02-02 21:48:48,0.4,-77.9667,72.23,63,83,3.67
150,At-Bashi,KG,2022-02-02 21:48:48,41.1702,75.8106,3.83,89,100,1.66
151,Pinheiro Machado,BR,2022-02-02 21:48:49,-31.5783,-53.3811,80.06,74,0,14.5
152,Marzuq,YE,2022-02-02 21:48:49,14.4,46.4667,64.09,48,94,4.38
153,Coihaique,CL,2022-02-02 21:48:50,-45.5752,-72.0662,66.15,55,75,8.05
154,Harper,LR,2022-02-02 21:44:00,4.375,-7.7169,79.2,79,84,7.05
155,Thompson,CA,2022-02-02 21:48:50,55.7435,-97.8558,-9.24,54,20,14.97
156,Mandalgovi,MN,2022-02-02 21:48:51,45.7625,106.2708,-0.31,79,2,10.0
157,Berlevag,NO,2022-02-02 21:48:51,70.8578,29.0864,19.2,93,75,8.05
158,Belyy Yar,RU,2022-02-02 21:48:51,53.6039,91.3903,-20.31,76,75,4.47
159,Cabo San Lucas,MX,2022-02-02 21:45:34,22.8909,-109.9124,78.62,54,20,3.0
160,Port Elizabeth,ZA,2022-02-02 21:48:52,-33.918,25.5701,72.1,100,75,13.8
161,Gimli,CA,2022-02-02 21:47:27,50.6336,-96.9907,-5.87,49,95,9.22
162,Komsomolskiy,UZ,2022-02-02 21:46:12,40.4272,71.7189,39.92,81,75,4.61
163,Puri,IN,2022-02-02 21:48:53,19.8,85.85,70.32,75,16,10.78
164,Te Anau,NZ,2022-02-02 21:48:53,-45.4167,167.7167,60.03,88,100,2.89
165,Hay River,CA,2022-02-02 21:48:53,60.8156,-115.7999,-13.02,70,20,2.3
166,Georgetown,MY,2022-02-02 21:48:54,5.4112,100.3354,80.53,90,20,0.0
167,Bandarbeyla,SO,2022-02-02 21:48:54,9.4942,50.8122,74.71,73,16,16.69
168,Chara,RU,2022-02-02 21:48:54,56.9064,118.2631,-24.41,86,45,1.05
169,Labuhan,ID,2022-02-02 21:48:55,-6.8844,112.2051,77.63,86,100,5.12
170,Lavrentiya,RU,2022-02-02 21:48:55,65.5833,-171.0,0.23,69,0,22.32
171,San Borja,BO,2022-02-02 21:48:55,-14.8167,-66.85,79.23,84,88,2.59
172,Lebu,CL,2022-02-02 21:48:56,-37.6167,-73.65,63.72,79,45,11.01
173,San Quintin,MX,2022-02-02 21:48:56,30.4833,-115.95,61.68,55,0,11.18
174,Port Lincoln,AU,2022-02-02 21:45:13,-34.7333,135.8667,63.91,72,19,15.55
175,Shingu,JP,2022-02-02 21:44:14,33.7333,135.9833,43.92,74,98,5.21
176,Fuerte Olimpo,PY,2022-02-02 21:48:58,-21.0415,-57.8738,91.6,44,47,9.48
177,Oron,NG,2022-02-02 21:48:58,4.8256,8.2343,80.06,76,1,3.69
178,Kaspiysk,RU,2022-02-02 21:48:58,42.8816,47.6392,37.58,93,57,13.0
179,Srivardhan,IN,2022-02-02 21:48:59,18.0333,73.0167,68.74,73,4,6.62
180,Klaksvik,FO,2022-02-02 21:48:31,62.2266,-6.589,41.92,77,100,13.27
181,Villarrica,PY,2022-02-02 21:49:59,-25.75,-56.4333,96.42,27,70,8.5
182,Vardo,NO,2022-02-02 21:49:59,70.3705,31.1107,28.38,86,75,14.97
183,Aktau,KZ,2022-02-02 21:50:00,43.65,51.2,36.18,78,75,17.58
184,Ribeira Grande,PT,2022-02-02 21:50:01,38.5167,-28.7,61.2,72,40,13.8
185,Jizan,SA,2022-02-02 21:50:02,17.3333,42.6667,79.74,74,16,3.98
186,Port Hardy,CA,2022-02-02 21:50:02,50.6996,-127.4199,37.58,93,100,10.36
187,Talcahuano,CL,2022-02-02 21:50:03,-36.7167,-73.1167,65.88,68,0,11.5
188,Kurilsk,RU,2022-02-02 21:50:03,45.2333,147.8833,22.46,71,99,18.45
189,Lorengau,PG,2022-02-02 21:50:04,-2.0226,147.2712,79.75,80,100,11.45
190,Olafsvik,IS,2022-02-02 21:50:04,64.8945,-23.7142,30.33,55,98,6.91
191,Barcelos,PT,2022-02-02 21:50:04,41.5388,-8.6151,54.91,78,93,4.54
192,Sitka,US,2022-02-02 21:50:05,57.0531,-135.33,37.29,93,100,5.75
193,Nantucket,US,2022-02-02 21:50:05,41.2835,-70.0995,43.14,94,100,9.91
194,Sistranda,NO,2022-02-02 21:50:06,63.7256,8.834,31.96,73,92,19.26
195,Avera,US,2022-02-02 21:50:06,33.194,-82.5271,65.08,75,91,3.51
196,Blackburn,GB,2022-02-02 21:50:06,53.75,-2.4833,48.18,94,100,7.0
197,Linxia,CN,2022-02-02 21:50:07,35.6003,103.2064,13.08,86,57,3.15
198,Baykit,RU,2022-02-02 21:50:07,61.67,96.37,-0.04,99,100,1.92
199,Rock Hill,US,2022-02-02 21:48:32,34.9249,-81.0251,58.64,37,20,4.61
200,Inuvik,CA,2022-02-02 21:50:08,68.3499,-133.7218,-21.96,72,40,3.44
201,San Francisco Del Mar,MX,2022-02-02 21:50:08,16.2333,-94.65,80.15,73,13,13.47
202,Voh,NC,2022-02-02 21:50:09,-20.9667,164.7,85.64,60,14,2.37
203,Springhill,US,2022-02-02 21:50:09,33.006,-93.4668,66.09,69,100,2.01
204,Zaraza,VE,2022-02-02 21:50:10,9.3503,-65.3245,84.47,52,96,10.38
205,Sao Joao Da Barra,BR,2022-02-02 21:50:10,-21.6403,-41.0511,77.09,89,100,7.36
206,Rundu,NA,2022-02-02 21:50:11,-17.9333,19.7667,68.63,61,42,3.85
207,Aswan,EG,2022-02-02 21:50:11,24.0934,32.907,60.1,38,0,8.05
208,Kavaratti,IN,2022-02-02 21:50:12,10.5669,72.642,79.52,72,7,10.6
209,Khatanga,RU,2022-02-02 21:50:12,71.9667,102.5,-36.9,98,47,1.25
210,Taitung,TW,2022-02-02 21:50:13,22.7583,121.1444,68.31,83,90,6.51
211,Kodiak,US,2022-02-02 21:50:13,57.79,-152.4072,36.91,93,100,0.0
212,Jardim,BR,2022-02-02 21:50:14,-21.4803,-56.1381,81.03,72,71,5.59
213,Kamphaeng Phet,TH,2022-02-02 21:50:14,16.25,99.5,72.55,52,21,3.31
214,San Patricio,US,2022-02-02 21:50:14,28.017,-97.5169,81.28,70,94,14.38
215,Los Alamos,US,2022-02-02 21:50:14,35.8881,-106.307,29.79,84,100,8.99
216,Broome,US,2022-02-02 21:50:15,42.2506,-75.833,41.45,69,0,1.99
217,New Norfolk,AU,2022-02-02 21:50:15,-42.7826,147.0587,59.72,58,68,4.21
218,Powell,US,2022-02-02 21:50:16,40.1578,-83.0752,40.64,94,100,10.51
219,Nizhniy Tagil,RU,2022-02-02 21:50:16,57.9194,59.965,18.16,91,64,5.19
220,Qasigiannguit,GL,2022-02-02 21:50:17,68.8193,-51.1922,-11.22,66,57,12.1
221,Saldanha,ZA,2022-02-02 21:50:17,-33.0117,17.9442,66.25,86,79,6.91
222,Kloulklubed,PW,2022-02-02 21:45:57,7.0419,134.2556,79.3,78,100,18.7
223,Kokkola,FI,2022-02-02 21:50:18,63.8385,23.1307,11.93,88,95,3.44
224,Dakar,SN,2022-02-02 21:45:33,14.6937,-17.4441,81.48,41,72,6.91
225,Muros,ES,2022-02-02 21:50:18,42.7762,-9.0603,55.24,83,100,7.81
226,Seydi,TM,2022-02-02 21:51:19,39.4816,62.9137,42.8,57,0,6.17
227,Luganville,VU,2022-02-02 21:51:19,-15.5333,167.1667,83.77,75,61,1.95
228,Debre Sina,ET,2022-02-02 21:51:20,9.85,39.7667,51.1,79,100,4.32
229,Ilulissat,GL,2022-02-02 21:51:20,69.2167,-51.1,-8.41,57,85,16.4
230,Mount Gambier,AU,2022-02-02 21:51:21,-37.8333,140.7667,57.11,67,100,14.97
231,Antalaha,MG,2022-02-02 21:51:21,-14.9003,50.2788,75.34,81,100,3.87
232,Xiaoshi,CN,2022-02-02 21:51:22,41.2971,124.1209,-2.18,87,2,2.13
233,Shu,KZ,2022-02-02 21:50:23,43.5983,73.7614,33.33,62,100,5.99
234,Adrar,MR,2022-02-02 21:51:22,20.5022,-10.0711,70.34,20,81,10.2
235,Scarborough,GB,2022-02-02 21:46:28,54.2797,-0.4044,50.07,87,100,4.0
236,Ndjole,GA,2022-02-02 21:51:23,-0.1783,10.7649,75.4,94,100,1.28
237,Lida,BY,2022-02-02 21:51:23,53.8833,25.2997,22.93,95,83,12.19
238,Hluti,SZ,2022-02-02 21:51:24,-27.2167,31.6167,68.85,96,3,3.47
239,Rawson,AR,2022-02-02 21:51:24,-43.3002,-65.1023,75.29,38,100,10.8
240,Hibbing,US,2022-02-02 21:51:24,47.4272,-92.9377,-0.8,37,0,13.8
241,Pevek,RU,2022-02-02 21:51:25,69.7008,170.3133,-8.43,76,30,4.92
242,Cidreira,BR,2022-02-02 21:50:52,-30.1811,-50.2056,75.97,84,0,17.74
243,Vila Velha,BR,2022-02-02 21:49:44,-20.3297,-40.2925,80.55,84,75,4.61
244,Arman,RU,2022-02-02 21:51:25,59.7,150.1667,10.71,82,100,9.86
245,Hofn,IS,2022-02-02 21:51:25,64.2539,-15.2082,29.59,56,100,4.72
246,Bengkulu,ID,2022-02-02 21:51:26,-3.8004,102.2655,76.28,88,97,4.34
247,Teacapan,MX,2022-02-02 21:51:26,22.55,-105.75,74.39,51,0,8.08
248,Pauini,BR,2022-02-02 21:51:26,-7.7136,-66.9764,72.16,99,100,3.62
249,Pecos,US,2022-02-02 21:51:27,31.4229,-103.4932,39.29,81,100,8.05
250,Beyneu,KZ,2022-02-02 21:47:34,45.3167,55.2,33.06,81,6,14.03
251,Leh,IN,2022-02-02 21:51:28,34.1667,77.5833,6.98,92,98,2.8
252,Longyearbyen,SJ,2022-02-02 21:48:28,78.2186,15.6401,17.44,67,79,12.66
253,Qaanaaq,GL,2022-02-02 21:51:28,77.484,-69.3632,-14.91,81,100,6.98
254,Paldiski,EE,2022-02-02 21:51:28,59.3567,24.0531,23.86,85,99,5.44
255,Old Saybrook,US,2022-02-02 21:50:29,41.2918,-72.3762,45.43,87,93,1.99
256,Takapau,NZ,2022-02-02 21:51:29,-40.0333,176.35,75.18,36,99,1.41
257,Araouane,ML,2022-02-02 21:51:29,18.9048,-3.5265,65.66,13,72,12.15
258,Faanui,PF,2022-02-02 21:51:30,-16.4833,-151.75,81.01,73,20,20.0
259,Bemidji,US,2022-02-02 21:51:30,47.4736,-94.8803,-0.09,58,0,14.97
260,Strezhevoy,RU,2022-02-02 21:51:30,60.7333,77.5889,21.18,92,100,9.42
261,Marsh Harbour,BS,2022-02-02 21:51:31,26.5412,-77.0636,71.89,60,9,17.09
262,Trelew,AR,2022-02-02 21:51:31,-43.249,-65.3051,83.8,22,100,9.91
263,Cabra,ES,2022-02-02 21:51:31,37.4725,-4.4421,56.39,47,44,4.09
264,Hami,CN,2022-02-02 21:51:32,42.8,93.45,21.58,35,2,1.88
265,Airai,TL,2022-02-02 21:51:32,-8.9266,125.4092,60.66,89,100,2.35
266,Ban Tak,TH,2022-02-02 21:51:32,17.0432,99.0813,67.46,56,6,4.05
267,Caravelas,BR,2022-02-02 21:51:32,-17.7125,-39.2481,78.42,84,100,5.35
268,Lac Du Bonnet,CA,2022-02-02 21:51:33,50.2536,-96.0612,-9.42,87,100,8.72
269,Shimoda,JP,2022-02-02 21:51:33,34.6667,138.95,40.1,63,35,22.77
270,Buala,SB,2022-02-02 21:51:34,-8.145,159.5921,81.79,79,100,7.63
271,Upernavik,GL,2022-02-02 21:50:26,72.7868,-56.1549,-5.13,69,100,7.65
272,Ossora,RU,2022-02-02 21:51:34,59.2353,163.0719,16.29,72,100,12.62
273,Victoria,HK,2022-02-02 21:49:41,22.2855,114.1577,57.25,91,100,7.0
274,Popondetta,PG,2022-02-02 21:52:35,-8.7537,148.2534,79.09,77,100,0.89
275,Peniche,PT,2022-02-02 21:52:35,39.3558,-9.3811,57.61,79,93,3.06
276,Seguin,US,2022-02-02 21:52:36,29.5688,-97.9647,62.24,95,100,5.99
277,Leningradskiy,RU,2022-02-02 21:52:36,69.3833,178.4167,-14.39,95,30,9.86
278,Provideniya,RU,2022-02-02 21:50:25,64.3833,-173.3,10.51,72,75,38.03
279,Shelburne,CA,2022-02-02 21:52:37,44.0787,-80.2041,32.56,94,100,10.27
280,Goba,ET,2022-02-02 21:52:37,7.0167,39.9833,50.04,46,99,3.85
281,Saint-Francois,FR,2022-02-02 21:52:38,46.4154,3.9054,44.04,93,100,1.14
282,Sambava,MG,2022-02-02 21:52:38,-14.2667,50.1667,76.59,83,100,3.87
283,Akrata,GR,2022-02-02 21:52:38,38.15,22.3167,45.81,85,100,4.34
284,Seoul,KR,2022-02-02 21:51:47,37.5683,126.9778,22.44,80,0,3.44
285,Tautira,PF,2022-02-02 21:52:39,-17.7333,-149.15,86.02,77,16,17.43
286,Talaya,RU,2022-02-02 21:52:39,61.3833,152.75,-11.0,98,100,4.54
287,Omboue,GA,2022-02-02 21:52:39,-1.5746,9.2618,77.65,86,82,5.84
288,Talnakh,RU,2022-02-02 21:52:40,69.4865,88.3972,-6.12,99,93,6.29
289,Clyde River,CA,2022-02-02 21:52:40,70.4692,-68.5914,-16.37,76,100,8.05
290,Krasnoselkup,RU,2022-02-02 21:52:40,65.7,82.4667,-23.57,100,89,5.7
291,Ojinaga,MX,2022-02-02 21:52:41,29.5667,-104.4167,59.95,36,75,9.22
292,Gat,IL,2022-02-02 21:52:13,31.61,34.7642,59.4,55,98,4.45
293,Ilorin,NG,2022-02-02 21:52:41,8.5,4.55,79.79,13,2,4.09
294,Port Augusta,AU,2022-02-02 21:52:42,-32.5,137.7667,62.74,53,0,14.07
295,Chernyshevskiy,RU,2022-02-02 21:52:42,63.0128,112.4714,-26.66,100,38,2.15
296,Kango,GA,2022-02-02 21:52:42,0.1943,10.0951,75.0,94,66,2.66
297,Bernay,FR,2022-02-02 21:52:43,49.1667,0.6667,46.92,84,99,3.0
298,Norman Wells,CA,2022-02-02 21:47:53,65.282,-126.8329,-21.96,69,75,11.5
299,Ugoofaaru,MV,2022-02-02 21:52:43,5.6667,73.0,81.3,71,19,7.52
300,Iseyin,NG,2022-02-02 21:52:43,7.9667,3.6,78.44,16,2,1.34
301,Dingle,PH,2022-02-02 21:49:43,10.9995,122.6711,74.23,93,99,8.1
302,Swift Current,CA,2022-02-02 21:51:16,50.2834,-107.8014,-8.59,77,0,5.75
303,Jumla,NP,2022-02-02 21:52:44,29.2747,82.1838,36.41,92,87,4.32
304,Chumikan,RU,2022-02-02 21:48:21,54.7183,135.315,-12.48,86,78,12.86
305,Waddan,LY,2022-02-02 21:52:44,29.1614,16.139,48.04,58,20,11.07
306,Port Macquarie,AU,2022-02-02 21:52:45,-31.4333,152.9167,68.9,100,100,12.66
307,Hwange,ZW,2022-02-02 21:52:45,-18.3693,26.5019,69.42,92,4,1.41
308,Port-Gentil,GA,2022-02-02 21:52:46,-0.7193,8.7815,80.26,80,18,9.55
309,Namwala,ZM,2022-02-02 21:52:46,-15.7504,26.4384,65.91,98,34,4.07
310,Novouzensk,RU,2022-02-02 21:52:46,50.4592,48.1431,32.27,97,100,18.37
311,Chapais,CA,2022-02-02 21:52:47,49.7834,-74.8492,13.78,90,100,7.87
312,Villanueva De La Serena,ES,2022-02-02 21:52:47,38.9766,-5.7974,54.82,67,81,0.51
313,Porto Walter,BR,2022-02-02 21:52:47,-8.2686,-72.7439,82.54,62,99,3.78
314,Timberlake,US,2022-02-02 21:52:47,37.3207,-79.2575,51.76,40,0,5.75
315,Sinop,TR,2022-02-02 21:52:48,41.7711,34.8709,38.68,85,100,13.27
316,San Juan,AR,2022-02-02 21:52:48,-31.5375,-68.5364,85.66,35,17,14.07
317,Poronaysk,RU,2022-02-02 21:52:49,49.2167,143.1167,-3.19,93,43,6.71
318,Samarai,PG,2022-02-02 21:52:49,-10.6167,150.6667,80.47,79,98,6.58
319,Howard Springs,AU,2022-02-02 21:52:50,-12.497,131.047,78.71,99,100,8.21
320,Hamilton,US,2022-02-02 21:52:47,39.1834,-84.5333,44.98,94,100,1.01
321,Vanimo,PG,2022-02-02 21:49:24,-2.6741,141.3028,78.21,86,100,3.96
322,Rio Gallegos,AR,2022-02-02 21:51:35,-51.6226,-69.2181,64.45,52,75,20.71
323,Yellowknife,CA,2022-02-02 21:53:50,62.456,-114.3525,-21.71,75,20,3.44
324,Vuktyl,RU,2022-02-02 21:53:51,63.8567,57.3094,17.28,95,99,7.16
325,Terrace,CA,2022-02-02 21:53:51,54.5163,-128.6035,19.31,93,100,11.5
326,Portland,US,2022-02-02 21:49:38,45.5234,-122.6762,46.53,92,100,1.01
327,Peleduy,RU,2022-02-02 21:53:52,59.6289,112.7406,-12.05,100,100,3.04
328,Cap Malheureux,MU,2022-02-02 21:53:52,-19.9842,57.6142,79.47,89,100,18.99
329,Nesna,NO,2022-02-02 21:53:53,66.1967,13.0213,21.42,76,100,19.35
330,Canon City,US,2022-02-02 21:53:53,38.441,-105.2424,18.18,84,100,5.99
331,Bay Roberts,CA,2022-02-02 21:53:53,47.5999,-53.2648,26.24,72,7,4.0
332,Matay,EG,2022-02-02 21:53:53,28.419,30.7792,55.65,37,0,6.49
333,Asau,RO,2022-02-02 21:53:54,46.4333,26.4,24.28,89,88,6.15
334,Lokosovo,RU,2022-02-02 21:53:54,61.1333,74.8167,21.51,94,100,11.36
335,Werder,DE,2022-02-02 21:53:54,52.3787,12.934,40.08,99,50,8.48
336,Port Hedland,AU,2022-02-02 21:53:55,-20.3167,118.5667,78.85,100,96,5.75
337,Qandala,SO,2022-02-02 21:49:17,11.472,49.8728,73.04,68,2,4.72
338,Kudat,MY,2022-02-02 21:53:55,6.8837,116.8477,78.73,89,40,2.3
339,Along,IN,2022-02-02 21:53:56,28.1667,94.7667,47.3,91,33,1.9
340,Baraboo,US,2022-02-02 21:53:56,43.4711,-89.7443,16.23,52,0,5.01
341,Ziro,IN,2022-02-02 21:53:57,27.6333,93.8333,34.14,93,61,1.86
342,Ajdabiya,LY,2022-02-02 21:53:57,30.7554,20.2263,53.53,67,35,18.9
343,Arlit,NE,2022-02-02 21:53:58,18.7369,7.3853,64.27,17,0,15.26
344,Acapulco,MX,2022-02-02 21:49:12,16.8634,-99.8901,81.0,59,0,9.82
345,Poum,NC,2022-02-02 21:53:58,-20.2333,164.0167,79.95,76,0,6.82
346,Zelenoborsk,RU,2022-02-02 21:53:59,61.4669,64.0333,22.78,96,99,6.87
347,Carnarvon,AU,2022-02-02 21:53:59,-24.8667,113.6333,77.07,88,75,10.36
348,Seleus,RO,2022-02-02 21:53:59,46.3833,21.7167,36.01,96,94,2.82
349,Aleksandrovskoye,RU,2022-02-02 21:54:00,44.7142,43.0008,30.34,80,100,1.72
350,Oranjemund,NA,2022-02-02 21:54:00,-28.55,16.4333,67.89,86,100,5.55
351,Hambantota,LK,2022-02-02 21:49:16,6.1241,81.1185,71.94,100,20,0.0
352,Westport,US,2022-02-02 21:54:00,41.1415,-73.3579,44.01,92,100,5.01
353,Moussoro,TD,2022-02-02 21:54:01,13.6408,16.4901,65.39,13,1,10.58
354,Kwinana,AU,2022-02-02 21:52:03,-32.25,115.7667,76.8,40,91,16.87
355,Madera,US,2022-02-02 21:54:01,37.1666,-119.8343,61.97,72,0,4.68
356,Gazimurskiy Zavod,RU,2022-02-02 21:54:01,51.5461,118.3266,-27.22,100,79,1.74
357,Bocas Del Toro,PA,2022-02-02 21:54:02,9.3333,-82.25,86.07,67,7,5.44
358,Coxim,BR,2022-02-02 21:54:03,-18.5067,-54.76,76.84,89,100,4.92
359,San Onofre,CO,2022-02-02 21:54:03,9.7359,-75.5263,82.78,68,1,12.95
360,Santa Cruz,BO,2022-02-02 21:49:22,-17.8,-63.1667,90.86,55,40,11.5
361,Taybad,IR,2022-02-02 21:54:04,34.74,60.7756,40.84,51,0,2.24
362,Yulara,AU,2022-02-02 21:54:04,-25.2406,130.9889,66.04,59,100,12.66
363,Anadyr,RU,2022-02-02 21:54:05,64.75,177.4833,18.1,53,0,20.13
364,Necochea,AR,2022-02-02 21:54:05,-38.5473,-58.7368,84.02,49,100,11.23
365,Arraial Do Cabo,BR,2022-02-02 21:50:26,-22.9661,-42.0278,78.76,89,75,3.44
366,Constitucion,CL,2022-02-02 21:54:05,-35.3333,-72.4167,64.42,73,31,8.59
367,Salinopolis,BR,2022-02-02 21:54:06,-0.6136,-47.3561,78.58,84,98,12.8
368,Vestmanna,FO,2022-02-02 21:51:12,62.1564,-7.1664,40.12,87,75,12.66
369,North Platte,US,2022-02-02 21:55:06,41.1239,-100.7654,13.98,32,100,3.0
370,Flinders,AU,2022-02-02 21:55:07,-34.5833,150.8552,67.21,73,80,15.01
371,Makakilo City,US,2022-02-02 21:55:07,21.3469,-158.0858,79.02,57,100,3.44
372,Damietta,EG,2022-02-02 21:55:08,31.4165,31.8133,57.09,47,71,7.16
373,San Francisco,US,2022-02-02 21:41:26,37.7749,-122.4194,64.81,26,20,7.0
374,Haines Junction,CA,2022-02-02 21:55:08,60.7522,-137.5108,-0.45,60,100,5.75
375,Pombos,BR,2022-02-02 21:55:09,-8.1414,-35.3958,81.99,77,26,8.95
376,Granollers,ES,2022-02-02 21:55:09,41.608,2.2877,58.59,67,0,4.61
377,Coquimbo,CL,2022-02-02 21:55:10,-29.9533,-71.3436,67.73,68,20,13.8
378,Salalah,OM,2022-02-02 21:51:05,17.0151,54.0924,73.02,27,0,9.62
379,Cape Canaveral,US,2022-02-02 21:55:10,28.4058,-80.6048,75.27,65,0,11.5
380,Bonthe,SL,2022-02-02 21:55:11,7.5264,-12.505,78.51,86,20,9.01
381,Urucara,BR,2022-02-02 21:55:11,-2.5364,-57.76,76.75,95,100,1.74
382,Grottaglie,IT,2022-02-02 21:55:11,40.5392,17.4337,47.66,68,1,20.0
383,Juneau,US,2022-02-02 21:55:12,58.3019,-134.4197,28.85,95,100,0.0
384,Gueugnon,FR,2022-02-02 21:55:12,46.6036,4.0629,44.55,92,39,0.85
385,Tura,IN,2022-02-02 21:55:12,25.5198,90.2201,59.99,52,80,3.89
386,Guantanamo,CU,2022-02-02 21:55:13,20.1444,-75.2092,79.47,72,36,3.87
387,Sampit,ID,2022-02-02 21:55:13,-2.5333,112.95,73.74,97,100,1.77
388,Rocky Mountain House,CA,2022-02-02 21:55:14,52.3668,-114.9188,1.15,60,100,9.22
389,Manoel Urbano,BR,2022-02-02 21:55:14,-8.8389,-69.2597,76.6,95,96,1.19
390,Kasimov,RU,2022-02-02 21:55:15,54.9411,41.3953,9.39,98,100,2.77
391,Sigli,ID,2022-02-02 21:55:15,5.3848,95.9609,76.78,86,28,3.44
392,Bayir,TR,2022-02-02 21:55:16,37.2687,28.2167,52.32,87,100,19.57
393,Ternate,ID,2022-02-02 21:55:16,0.8,127.4,78.33,81,100,4.56
394,Esmeraldas,BR,2022-02-02 21:55:17,-19.7625,-44.3139,77.11,94,99,2.15
395,Bambanglipuro,ID,2022-02-02 21:55:18,-7.95,110.2833,60.6,85,100,4.85
396,Mariental,NA,2022-02-02 21:51:19,-24.6333,17.9667,76.48,57,62,6.11
397,Mehamn,NO,2022-02-02 21:55:18,71.0357,27.8492,17.51,73,100,9.48
398,Viedma,AR,2022-02-02 21:53:51,-40.8135,-62.9967,81.97,24,21,8.12
399,Mount Isa,AU,2022-02-02 21:55:19,-20.7333,139.5,80.37,83,75,8.05
400,Treviso,IT,2022-02-02 21:55:19,45.6667,12.245,46.26,80,0,3.44
401,Sao Jose Da Coroa Grande,BR,2022-02-02 21:52:56,-8.8978,-35.1478,80.44,76,27,10.78
402,Mwense,ZM,2022-02-02 21:55:20,-10.3845,28.698,66.88,96,100,1.41
403,Drabiv,UA,2022-02-02 21:55:20,49.963,32.1529,21.02,95,82,5.17
404,Paracatu,BR,2022-02-02 21:55:21,-17.2222,-46.8747,73.24,83,92,2.08
405,Slave Lake,CA,2022-02-02 21:55:21,55.2834,-114.769,1.38,55,0,17.27
406,Codrington,AU,2022-02-02 21:55:21,-38.2667,141.9667,59.04,65,86,13.62
407,Ozernovskiy,RU,2022-02-02 21:54:42,51.5,156.5167,27.5,72,100,4.36
408,Kruisfontein,ZA,2022-02-02 21:55:22,-34.0033,24.7314,69.89,92,100,6.93
409,Severobaykalsk,RU,2022-02-02 21:51:21,55.65,109.3167,-11.88,93,80,4.21
410,Lambarene,GA,2022-02-02 21:55:23,-0.7001,10.2406,76.26,90,100,4.76
411,Svetlogorsk,BY,2022-02-02 21:55:23,52.6333,29.7333,28.89,97,99,8.97
412,Keti Bandar,PK,2022-02-02 21:55:24,24.1447,67.4497,70.39,49,2,19.6
413,Sfantu Gheorghe,RO,2022-02-02 21:54:24,45.8667,25.7833,29.82,97,100,2.1
414,Awbari,LY,2022-02-02 21:55:24,26.5921,12.7805,45.72,34,0,9.22
415,Okhotsk,RU,2022-02-02 21:55:24,59.3833,143.3,7.0,75,100,15.39
416,Berbera,SO,2022-02-02 21:56:25,10.4396,45.0143,76.05,78,100,7.47
417,Praia Da Vitoria,PT,2022-02-02 21:56:25,38.7333,-27.0667,59.25,88,20,9.01
418,Esil,KZ,2022-02-02 21:56:26,51.9556,66.4042,15.3,88,100,6.6
419,Manica,FR,2022-02-02 21:56:26,49.0,-1.1667,45.81,89,100,3.65
420,Noyabrsk,RU,2022-02-02 21:56:26,63.1994,75.4507,12.9,95,100,13.35
421,Slonim,BY,2022-02-02 21:56:27,53.0867,25.3219,25.16,96,90,11.21
422,Darhan,MN,2022-02-02 21:56:27,49.4867,105.9228,-7.85,93,99,5.03
423,Yerbogachen,RU,2022-02-02 21:56:27,61.2767,108.0108,-5.03,99,98,3.58
424,Elat,IL,2022-02-02 21:56:28,29.5581,34.9482,57.04,41,0,4.61
425,Saint-Pierre,RE,2022-02-02 21:55:36,-21.3393,55.4781,80.28,89,75,37.98
426,Verkhnyaya Toyma,RU,2022-02-02 21:56:28,62.2349,44.9985,20.01,97,100,0.76
427,La Rioja,ES,2022-02-02 21:56:29,42.25,-2.5,42.04,18,4,8.39
428,Bezhanitsy,RU,2022-02-02 21:56:29,56.9767,29.8907,11.61,99,94,1.34
429,Coos Bay,US,2022-02-02 21:53:21,43.3665,-124.2179,52.86,96,100,3.44
430,Loiza,PR,2022-02-02 21:51:36,18.4313,-65.8802,81.81,73,40,18.41
431,Maple Creek,CA,2022-02-02 21:56:29,49.9168,-109.4848,-0.35,65,89,5.75
432,Neiafu,TO,2022-02-02 21:56:30,-18.65,-173.9833,84.88,79,40,3.44
433,Poso,ID,2022-02-02 21:56:30,-1.3959,120.7524,76.37,70,100,3.53
434,Taboao Da Serra,BR,2022-02-02 21:56:30,-23.6261,-46.7917,72.14,95,75,1.01
435,Zabaykalsk,RU,2022-02-02 21:56:31,49.6333,117.3167,-18.8,97,23,5.95
436,Sao Filipe,CV,2022-02-02 21:56:07,14.8961,-24.4956,75.78,65,3,17.96
437,Birao,CF,2022-02-02 21:56:31,10.2849,22.7882,71.53,21,8,2.95
438,Tungor,RU,2022-02-02 21:56:32,53.3808,142.9564,0.86,94,100,27.4
439,Aracati,BR,2022-02-02 21:56:32,-4.5617,-37.7697,81.12,75,33,11.65
440,Sarana,RU,2022-02-02 21:56:32,56.4773,57.7259,21.15,97,100,4.88
441,Alofi,NU,2022-02-02 21:52:48,-19.0595,-169.9187,76.89,88,75,6.91
442,Vostok,RU,2022-02-02 21:55:37,46.4856,135.8833,-6.92,99,100,3.58
443,Jackson,US,2022-02-02 21:56:33,42.4165,-122.8345,50.36,58,68,5.99
444,Bagdarin,RU,2022-02-02 21:56:33,54.4333,113.6,-20.54,96,5,4.14
445,Boyolangu,ID,2022-02-02 21:56:34,-8.1181,111.8935,74.46,90,78,2.48
446,Grand Gaube,MU,2022-02-02 21:54:35,-20.0064,57.6608,79.38,89,100,18.01
447,Linshui,CN,2022-02-02 21:56:34,36.4247,114.2047,30.78,46,1,1.57
448,Panama City,PA,2022-02-02 21:52:19,8.9936,-79.5197,90.18,60,40,3.44
449,Kabare,CD,2022-02-02 21:56:35,-2.4683,28.8242,59.95,93,100,1.3
450,Mamonovo,RU,2022-02-02 21:56:35,54.4643,19.938,29.86,69,100,14.29
451,Vila Franca Do Campo,PT,2022-02-02 21:56:35,37.7167,-25.4333,58.19,79,22,8.84
452,Yemelyanovo,RU,2022-02-02 21:56:36,56.1681,92.6767,-12.19,84,54,0.0
453,Otradnoye,RU,2022-02-02 21:56:36,59.7775,30.8181,23.05,98,99,1.23
454,Havelock,US,2022-02-02 21:56:36,34.8791,-76.9013,62.58,68,58,5.88
455,Nuuk,GL,2022-02-02 21:56:37,64.1835,-51.7216,1.47,70,100,11.01
456,Cocobeach,GA,2022-02-02 21:56:37,1.0002,9.5823,80.6,76,17,6.22
457,Kieta,PG,2022-02-02 21:56:37,-6.2167,155.6333,82.11,77,100,8.12
458,Lat Yao,TH,2022-02-02 21:56:38,15.751,99.7893,78.51,64,5,3.89
459,Sungai Pelek,MY,2022-02-02 21:56:38,2.6449,101.717,77.13,85,20,3.44
460,Faya,SA,2022-02-02 21:56:38,18.3851,42.4509,57.31,68,11,1.05
461,Amga,RU,2022-02-02 21:56:39,60.8953,131.9608,-33.81,100,77,1.57
462,Honiara,SB,2022-02-02 21:57:39,-9.4333,159.95,82.24,80,100,4.97
463,Xiongyue,CN,2022-02-02 21:57:40,40.1774,122.1228,13.68,67,1,3.33
464,Xiamen,CN,2022-02-02 21:57:33,24.4798,118.0819,53.65,100,100,2.24
465,Plettenberg Bay,ZA,2022-02-02 21:57:40,-34.0527,23.3716,69.55,91,100,4.9
466,Iwanai,JP,2022-02-02 21:53:28,42.9744,140.5089,24.15,89,100,12.68
467,Gwadar,PK,2022-02-02 21:57:41,25.1216,62.3254,67.91,33,0,16.13
468,Maniitsoq,GL,2022-02-02 21:57:41,65.4167,-52.9,3.7,74,100,17.96
469,Kanniyakumari,IN,2022-02-02 21:57:42,8.0833,77.5667,75.43,65,6,11.88
470,Moindou,NC,2022-02-02 21:57:42,-21.6924,165.677,82.35,72,59,2.01
471,Havre-Saint-Pierre,CA,2022-02-02 21:57:42,50.2334,-63.5986,26.6,86,100,12.66
472,Jeremie,HT,2022-02-02 21:57:43,18.65,-74.1167,78.03,79,24,6.11
473,Lazaro Cardenas,MX,2022-02-02 21:57:43,17.9583,-102.2,80.17,57,0,9.08
474,Ampanihy,MG,2022-02-02 21:57:43,-24.7,44.75,71.58,75,0,11.83
475,Chiavari,IT,2022-02-02 21:57:44,44.3201,9.322,55.76,59,0,3.0
476,Ketchikan,US,2022-02-02 21:57:44,55.3422,-131.6461,37.38,93,100,4.61
477,Batagay-Alyta,RU,2022-02-02 21:57:44,67.8006,130.4114,-25.73,99,54,3.65
478,Monticello,US,2022-02-02 21:57:45,45.3055,-93.7941,7.68,55,0,14.97
479,Henties Bay,NA,2022-02-02 21:56:11,-22.116,14.2845,68.86,81,78,5.23
480,Moree,AU,2022-02-02 21:57:45,-29.4667,149.85,71.62,94,100,10.36
481,Amos,CA,2022-02-02 21:57:45,48.5669,-78.1162,21.47,88,100,7.38
482,Mercedes,AR,2022-02-02 21:57:46,-34.6515,-59.4307,89.76,39,91,3.65
483,Ambovombe,MG,2022-02-02 21:57:46,-25.1667,46.0833,72.72,78,0,15.86
484,San Cristobal,VE,2022-02-02 21:55:30,7.7669,-72.225,80.78,30,19,5.64
485,Taoudenni,ML,2022-02-02 21:57:47,22.6783,-3.9836,67.33,18,7,14.76
486,Bisho,ZA,2022-02-02 21:57:47,-32.8472,27.4422,69.39,97,66,4.16
487,Namibe,AO,2022-02-02 21:57:48,-15.1961,12.1522,73.0,70,83,10.69
488,Chatham,GB,2022-02-02 21:57:48,51.3789,0.5279,50.94,81,100,1.01
489,Gravdal,NO,2022-02-02 21:57:48,68.1214,13.5031,26.28,64,100,11.63
490,Borovoy,RU,2022-02-02 21:57:48,55.4333,86.0833,13.28,92,100,2.24
491,Aksu,CN,2022-02-02 21:53:30,41.1231,80.2644,22.26,54,91,1.34
492,Aripuana,BR,2022-02-02 21:57:49,-9.1667,-60.6333,75.85,95,91,1.59
493,Mulchen,CL,2022-02-02 21:57:49,-37.7167,-72.2333,87.66,24,0,8.21
494,Tezu,IN,2022-02-02 21:56:47,27.9167,96.1667,53.58,63,85,3.78
495,Ginir,ET,2022-02-02 21:57:50,7.1333,40.7,58.98,41,83,1.01
496,San Andres,CO,2022-02-02 21:57:50,12.5847,-81.7006,84.22,70,20,11.5
497,Talara,PE,2022-02-02 21:57:51,-4.5772,-81.2719,83.16,54,0,19.57
498,Mopti,ML,2022-02-02 21:57:51,14.6667,-4.0,77.04,19,0,9.22
499,Nouakchott,MR,2022-02-02 21:57:51,18.0858,-15.9785,84.13,25,0,11.52
500,Saint George,US,2022-02-02 21:57:52,37.1041,-113.5841,43.63,19,0,1.01
501,Fonseca,CO,2022-02-02 21:57:52,10.8861,-72.8487,96.28,48,48,6.44
502,Jibuti,DJ,2022-02-02 21:57:52,11.5,42.5,70.83,76,38,11.61
503,Boyabat,TR,2022-02-02 21:57:53,41.4689,34.7667,35.17,96,100,1.05
504,Okha,RU,2022-02-02 21:57:53,53.5739,142.9478,1.56,93,100,26.82
505,Moranbah,AU,2022-02-02 21:57:54,-22.0016,148.0466,81.46,73,100,8.72
506,Pacific Grove,US,2022-02-02 21:56:30,36.6177,-121.9166,64.42,32,0,4.0
507,Zyryanka,RU,2022-02-02 21:57:54,65.75,150.85,-22.07,99,72,4.65
508,Byron Bay,AU,2022-02-02 21:56:10,-28.65,153.6167,76.05,94,99,12.03
509,Kurchatov,RU,2022-02-02 21:57:55,51.6601,35.6521,19.81,98,100,4.74
510,Aranda De Duero,ES,2022-02-02 21:58:55,41.6704,-3.6892,46.8,47,19,0.54
511,Ulladulla,AU,2022-02-02 21:58:56,-35.35,150.4667,65.88,64,88,13.62
512,Jaunjelgava,LV,2022-02-02 21:58:56,56.6167,25.0833,22.5,95,99,4.12
513,Shakawe,BW,2022-02-02 21:58:56,-18.3667,21.85,68.76,89,98,3.8
514,Igarka,RU,2022-02-02 21:57:15,67.4667,86.5833,-7.91,100,94,5.82
515,Sherlovaya Gora,RU,2022-02-02 21:58:57,50.5667,116.25,-26.45,99,56,4.27
516,Ayan,RU,2022-02-02 21:58:57,56.45,138.1667,-2.92,70,100,15.3
517,Kupang,ID,2022-02-02 21:58:58,-10.1667,123.5833,78.42,83,100,9.19
518,Kindu,CD,2022-02-02 21:58:58,-2.95,25.95,68.18,91,100,1.34
519,San Carlos De Bariloche,AR,2022-02-02 21:57:47,-41.1456,-71.3082,76.75,29,40,17.27
520,Presidencia Roque Saenz Pena,AR,2022-02-02 21:58:58,-26.7852,-60.4388,99.41,18,67,4.65
521,Raudeberg,NO,2022-02-02 21:58:59,61.9875,5.1352,32.67,84,100,1.99
522,Machilipatnam,IN,2022-02-02 21:58:59,16.1667,81.1333,71.49,75,25,6.96
523,Udachnyy,RU,2022-02-02 21:57:11,66.4167,112.4,-32.73,100,45,3.15
524,Tubuala,PA,2022-02-02 21:59:00,9.5167,-79.0333,89.56,75,16,9.26
525,Kijang,KR,2022-02-02 21:59:00,35.2442,129.2139,29.93,47,100,6.02
526,Daru,PG,2022-02-02 21:59:01,-9.0763,143.2092,76.5,79,100,5.68
527,Red Bluff,US,2022-02-02 21:56:27,40.1785,-122.2358,59.68,36,45,13.15
528,Dwarka,IN,2022-02-02 21:59:01,22.2394,68.9678,72.79,82,4,18.92
529,Vao,NC,2022-02-02 21:55:12,-22.6667,167.4833,77.74,77,97,14.54
530,Brae,GB,2022-02-02 21:59:02,60.3964,-1.353,46.31,90,100,9.08
531,Najran,SA,2022-02-02 21:55:37,17.4924,44.1277,57.85,41,3,3.22
532,Newport,GB,2022-02-02 21:56:37,51.5877,-2.9984,49.44,86,100,1.01
533,Axim,GH,2022-02-02 21:59:02,4.8699,-2.2405,80.33,81,9,9.82
534,Grodzisk Wielkopolski,PL,2022-02-02 21:59:03,52.2276,16.3653,33.67,80,77,11.9
535,Akureyri,IS,2022-02-02 21:59:03,65.6835,-18.0878,22.93,74,0,1.14
536,Lincoln,US,2022-02-02 21:59:04,40.8,-96.667,18.84,38,100,5.01
537,Ostrovnoy,RU,2022-02-02 21:59:05,68.0531,39.5131,20.82,91,100,15.01
538,Natitingou,BJ,2022-02-02 21:59:05,10.3042,1.3796,77.05,12,55,6.2
539,Vestmannaeyjar,IS,2022-02-02 21:59:06,63.4427,-20.2734,31.32,72,100,10.22
540,Omsukchan,RU,2022-02-02 21:59:06,62.5333,155.8,-14.03,100,100,6.02
541,Dongning,CN,2022-02-02 21:59:06,44.0622,131.1207,-2.99,90,19,6.26
542,Punta Alta,AR,2022-02-02 21:57:27,-38.8759,-62.0736,83.95,41,99,3.33
543,Puerto Montt,CL,2022-02-02 21:59:07,-41.4698,-72.9447,68.83,68,0,10.36
544,Sao Miguel Do Araguaia,BR,2022-02-02 21:59:07,-13.275,-50.1628,76.35,85,41,3.87
545,Moerai,PF,2022-02-02 21:59:08,-22.4333,-151.3333,79.83,76,89,17.4
546,Botshabelo,ZA,2022-02-02 21:59:08,-29.2702,26.7052,69.17,66,74,5.26
547,Garissa,KE,2022-02-02 21:59:09,-0.4536,39.6401,81.09,64,100,8.79
548,Aasiaat,GL,2022-02-02 21:59:09,68.7098,-52.8699,-9.11,84,100,16.89
549,De-Kastri,RU,2022-02-02 21:59:09,51.4667,140.7833,-1.21,91,100,13.71
550,Nemuro,JP,2022-02-02 21:59:10,43.3236,145.575,22.8,72,54,8.23
551,Shymkent,KZ,2022-02-02 21:59:10,42.3,69.6,32.59,86,0,4.47
552,Isla Mujeres,MX,2022-02-02 21:59:11,21.2311,-86.731,80.65,81,4,13.56
553,Buta,CD,2022-02-02 21:59:11,2.7858,24.73,76.82,48,83,1.99
554,Bulgan,MN,2022-02-02 21:58:09,48.8125,103.5347,-6.25,86,8,4.5
555,Atasu,KZ,2022-02-02 22:00:11,48.6814,71.6433,11.26,86,100,5.64
556,Rocha,UY,2022-02-02 21:59:55,-34.4833,-54.3333,75.36,71,0,12.46
557,Mount Pleasant,US,2022-02-02 21:59:55,32.7941,-79.8626,66.31,80,20,8.99
558,Mattru,SL,2022-02-02 22:00:12,7.6244,-11.8332,73.89,91,13,2.26
559,Yanam,IN,2022-02-02 22:00:15,16.7333,82.2167,64.62,91,5,0.98
560,Boueni,YT,2022-02-02 22:00:17,-12.9025,45.0761,78.78,72,100,6.87
561,Sibolga,ID,2022-02-02 22:00:17,1.7427,98.7792,76.06,81,92,2.95
562,Guilin,CN,2022-02-02 22:00:18,25.2819,110.2864,36.84,86,95,6.38
563,Anarcs,HU,2022-02-02 22:00:20,48.1764,22.1117,32.99,94,99,6.42
564,Qui Nhon,VN,2022-02-02 22:00:22,13.7667,109.2333,72.95,87,100,7.92
565,Manggar,ID,2022-02-02 22:00:24,-2.8833,108.2667,78.39,84,100,5.48
566,Smoky Lake,CA,2022-02-02 22:00:26,54.1169,-112.4686,-1.52,90,96,11.79
567,Singkawang,ID,2022-02-02 22:00:26,0.9,109.0,73.76,96,84,4.14
568,Lagoa,PT,2022-02-02 22:00:28,39.05,-27.9833,58.26,73,4,7.4
569,Pundaguitan,PH,2022-02-02 22:00:31,6.3711,126.1689,76.89,84,100,18.77
570,Campina Verde,BR,2022-02-02 22:00:32,-19.5356,-49.4864,72.84,92,76,5.23
571,Enshi,CN,2022-02-02 22:00:33,30.3,109.4833,36.19,98,100,1.03
572,Khandbari,NP,2022-02-02 22:00:33,27.3747,87.2039,47.28,79,64,2.48
573,Saint-Joseph,RE,2022-02-02 21:57:03,-21.3667,55.6167,79.18,92,100,32.99
574,Hirara,JP,2022-02-02 22:00:35,24.8,125.2833,70.07,88,75,8.05
575,Soverato,IT,2022-02-02 22:00:36,38.685,16.5499,39.15,75,0,10.38
576,Vanavara,RU,2022-02-02 22:00:37,60.34,102.2797,-10.21,100,94,3.06
577,Rudnichnyy,RU,2022-02-02 22:00:38,59.617,52.4703,21.0,94,100,7.92
578,Touros,BR,2022-02-02 22:00:38,-5.1989,-35.4608,83.3,72,39,12.84
579,Myaundzha,RU,2022-02-02 22:00:39,63.0494,147.1858,-12.73,97,100,4.83
580,Seredka,RU,2022-02-02 22:00:40,58.1584,28.1858,20.95,97,97,2.3
581,Shasta Lake,US,2022-02-02 22:00:41,40.6804,-122.3708,58.75,33,44,5.53
582,Jojoima,SL,2022-02-02 22:00:41,7.8792,-10.7878,70.65,60,8,0.92
583,Acajutla,SV,2022-02-02 22:00:42,13.5928,-89.8275,85.8,62,4,6.44
584,Tadine,NC,2022-02-02 22:00:42,-21.55,167.8833,81.07,78,96,9.42
585,Ahome,MX,2022-02-02 22:00:43,25.9167,-109.1833,60.03,71,100,4.21
586,Bintulu,MY,2022-02-02 22:00:43,3.1667,113.0333,74.73,93,99,4.14
587,Launceston,AU,2022-02-02 21:59:01,-41.45,147.1667,60.44,56,40,1.01
588,Pierre,US,2022-02-02 22:00:44,44.3683,-100.351,9.86,59,99,13.0
589,Padang,ID,2022-02-02 22:00:45,-0.9492,100.3543,76.91,86,78,3.6
590,Kemijarvi,FI,2022-02-02 22:00:45,66.7131,27.4306,10.98,96,100,3.78
591,Karratha,AU,2022-02-02 22:00:46,-20.7377,116.8463,81.25,73,100,6.24
592,Arvika,SE,2022-02-02 22:00:46,59.6553,12.5852,23.7,98,51,0.29
593,Panguna,PG,2022-02-02 22:00:47,-6.3164,155.4848,73.4,85,100,1.19
594,Forio,IT,2022-02-02 22:00:47,40.7342,13.8646,52.83,49,0,9.04
595,Kolo,PL,2022-02-02 22:00:48,52.2002,18.6387,34.88,91,27,9.4
596,Abong Mbang,CM,2022-02-02 22:00:48,3.9833,13.1833,69.53,53,48,1.23
597,Ishigaki,JP,2022-02-02 22:00:49,24.3448,124.1572,71.64,81,82,18.68
598,Gisors,FR,2022-02-02 22:00:49,49.2818,1.7801,48.97,93,100,4.92
599,Kyrylivka,UA,2022-02-02 22:00:50,46.3759,35.3675,40.8,97,100,5.79
600,Elko,US,2022-02-02 22:00:23,41.0002,-115.5012,26.06,38,8,6.04
